{
  "Total" : {
    "transaction" : "Total",
    "sampleCount" : 5000,
    "errorCount" : 0,
    "errorPct" : 0.0,
    "meanResTime" : 9.683599999999966,
    "medianResTime" : 10.0,
    "minResTime" : 1.0,
    "maxResTime" : 133.0,
    "pct1ResTime" : 15.0,
    "pct2ResTime" : 16.0,
    "pct3ResTime" : 26.0,
    "throughput" : 507.5111652456354,
    "receivedKBytesPerSec" : 711.2094942651238,
    "sentKBytesPerSec" : 97.1408089727974
  },
  "Get Top Rated Animes" : {
    "transaction" : "Get Top Rated Animes",
    "sampleCount" : 5000,
    "errorCount" : 0,
    "errorPct" : 0.0,
    "meanResTime" : 9.683599999999966,
    "medianResTime" : 10.0,
    "minResTime" : 1.0,
    "maxResTime" : 133.0,
    "pct1ResTime" : 15.0,
    "pct2ResTime" : 16.0,
    "pct3ResTime" : 26.0,
    "throughput" : 507.5111652456354,
    "receivedKBytesPerSec" : 711.2094942651238,
    "sentKBytesPerSec" : 97.1408089727974
  }
}