{
  "Total" : {
    "transaction" : "Total",
    "sampleCount" : 5000,
    "errorCount" : 0,
    "errorPct" : 0.0,
    "meanResTime" : 320.37119999999896,
    "medianResTime" : 356.0,
    "minResTime" : 38.0,
    "maxResTime" : 618.0,
    "pct1ResTime" : 436.0,
    "pct2ResTime" : 466.0,
    "pct3ResTime" : 542.0,
    "throughput" : 121.17393306351939,
    "receivedKBytesPerSec" : 255.6012650558612,
    "sentKBytesPerSec" : 23.193448125439257
  },
  "Get Top Rated Animes" : {
    "transaction" : "Get Top Rated Animes",
    "sampleCount" : 5000,
    "errorCount" : 0,
    "errorPct" : 0.0,
    "meanResTime" : 320.37119999999896,
    "medianResTime" : 356.0,
    "minResTime" : 38.0,
    "maxResTime" : 618.0,
    "pct1ResTime" : 436.0,
    "pct2ResTime" : 466.0,
    "pct3ResTime" : 542.0,
    "throughput" : 121.17393306351939,
    "receivedKBytesPerSec" : 255.6012650558612,
    "sentKBytesPerSec" : 23.193448125439257
  }
}